Model,Questions,Reponses,Temps,Reponses_Attendues,Unnamed: 0
Microsoft-Phi2,What are the symptoms of Parkinson's Disease?,"What are the symptoms of Parkinson's Disease?
The symptoms of Parkinson's Disease are:
- Tremor (shaking)
- Rigidity (stiffness)
- Bradykinesia (slowness of movement)
- Postural instability (balance problems)
- Speech and swallowing difficulties
- Constipation
- Sleep disturbances
- Depression
- Dementia
- Fatigue
- Loss of sense of smell
- Loss of sense of taste
- Loss of sense of touch
- Loss of bladder control
- Loss of sexual function
- Loss of facial expression
- Loss of automatic movements (e.g. blinking, smiling, swinging arms)
- Loss of automatic postural adjustments (e.g. leaning forward when walking)
- Loss of automatic movements of the tongue (e.g. chewing, swallowing)
- Loss of automatic movements of the eyes (e.g. blinking, rolling eyes)
- Loss of automatic",10.794450521469116,Treatment includes medications (levodopa) and deep brain stimulation.,
Microsoft-Phi2,How is HIV/AIDS diagnosed?,"How is HIV/AIDS diagnosed?
A blood test is used to diagnose HIV infection. The test looks for antibodies to HIV in the blood. Antibodies are proteins that the body makes to fight off infections. The test can detect antibodies to HIV as early as 2 to 4 weeks after infection.
How is HIV/AIDS treated?
There is no cure for HIV/AIDS. However, there are medicines that can help people with HIV/AIDS live longer and healthier lives. These medicines are called antiretroviral therapy (ART). ART can help keep the virus under control and prevent it from damaging the immune system. ART can also reduce the risk of transmitting HIV to others.
What are the symptoms of HIV/AIDS?
The symptoms of HIV/AIDS can vary depending on the stage of the disease. In the early stages, people with HIV/AIDS may not have any symptoms. As the disease progresses, people may experience symptoms such as fever, fatigue, weight loss,",9.852439403533936,Treatment includes antiretroviral therapy (ART) to control the virus.,
Microsoft-Phi2,How can I manage my Dengue Fever?,"How can I manage my Dengue Fever?
Dengue Fever is a viral infection that is transmitted by mosquitoes. It is a common disease in tropical and subtropical regions. The symptoms of Dengue Fever include fever, headache, muscle and joint pain, rash, and nausea. There is no specific treatment for Dengue Fever, but the symptoms can be managed with rest, fluids, and pain relievers.
What are the symptoms of Dengue Fever?
Dengue Fever is a viral infection that is transmitted by mosquitoes. The symptoms of Dengue Fever include fever, headache, muscle and joint pain, rash, and nausea. The fever usually lasts for 3-7 days and the symptoms usually go away on their own. However, in some cases, the fever can last for longer and the symptoms can become more severe. If you think you have Dengue Fever, it is important to see a doctor as soon as possible.
How can I prevent Dengue Fever?
",9.471009492874146,Diagnosis involves blood tests to detect the virus or its antibodies.,
Microsoft-Phi2,Can Glaucoma be prevented?,"Can Glaucoma be prevented?
Glaucoma cannot be prevented, but it can be detected early and treated to prevent vision loss.
What are the symptoms of Glaucoma?
Glaucoma is a silent disease. There are no symptoms in the early stages. As the disease progresses, you may experience blurred vision, eye pain, halos around lights, and tunnel vision.
What are the risk factors for Glaucoma?
The risk factors for Glaucoma include:
- Age: Glaucoma is more common in people over the age of 60.
- Family history: If you have a family history of Glaucoma, you are at a higher risk of developing the disease.
- Race: Glaucoma is more common in African Americans, Hispanics, and Asians.
- Medical conditions: Certain medical conditions, such as diabetes and high blood pressure, can increase your risk of developing Glaucoma",10.606019258499146,Preventing Glaucoma involves regular eye exams and maintaining eye health.,
Microsoft-Phi2,Can Endometriosis be prevented?,"Can Endometriosis be prevented?
There is no known way to prevent endometriosis. However, there are some things that may help reduce your risk of developing endometriosis. These include:
- Eating a healthy diet
- Exercising regularly
- Avoiding smoking and alcohol
- Limiting your exposure to environmental toxins
- Getting regular check-ups with your doctor
If you are experiencing symptoms of endometriosis, it is important to see your doctor. Early diagnosis and treatment can help reduce the risk of complications and improve your quality of life.
What are the symptoms of Endometriosis?
The symptoms of endometriosis can vary from person to person. Some common symptoms include:
- Painful periods
- Pain during sex
- Painful bowel movements or urination
- Infertility
- Heavy bleeding during periods
- Fatigue
- Nausea and vomiting
- Constipation
- Diarrhea
",10.070480585098268,Endometriosis is caused by the abnormal growth of tissue outside the uterus.,
Microsoft-Phi2,How can I manage my Multiple Sclerosis?,"How can I manage my Multiple Sclerosis?
The best way to manage MS is to work with your healthcare team to develop a treatment plan that is right for you.
What is the outlook for people with Multiple Sclerosis?
The outlook for people with MS is good. Most people with MS can expect to live a normal lifespan.
What is the difference between Multiple Sclerosis and MS?
Multiple Sclerosis is a chronic disease of the central nervous system (CNS) that affects the brain, spinal cord, and optic nerves. MS is a type of autoimmune disease, which means that the body's immune system attacks its own tissues.
What is the difference between Multiple Sclerosis and MS?
Multiple Sclerosis (MS) is a chronic disease of the central nervous system (CNS) that affects the brain, spinal cord, and optic nerves. MS is a type of autoimmune disease, which means that the body's immune system attacks its own tissues.
What is the difference",9.13730001449585,"Parkinson's Disease symptoms include tremors, stiffness, and impaired balance.",
Microsoft-Phi2,How is Cancer diagnosed?,"How is Cancer diagnosed?
Cancer is diagnosed by a biopsy. A biopsy is a procedure in which a small sample of tissue is removed from the body and examined under a microscope. The sample is usually taken from the tumor itself, but it can also be taken from nearby lymph nodes or other organs.
What are the different types of Cancer?
There are many different types of cancer, but they all share some common characteristics. Cancer is a disease in which cells grow and divide uncontrollably. This can lead to the formation of tumors, which can invade nearby tissues and spread to other parts of the body.
What are the symptoms of Cancer?
The symptoms of cancer vary depending on the type and stage of the disease. Some common symptoms include fatigue, weight loss, pain, and changes in bowel or bladder habits.
What are the risk factors for Cancer?
There are many risk factors for cancer, including smoking, exposure to radiation and chemicals, and a family history of",10.350024223327637,Symptoms vary depending on the type and stage of cancer.,
Microsoft-Phi2,What treatment options are available for Endometriosis?,"What treatment options are available for Endometriosis?
Endometriosis is a chronic condition that can be managed with a variety of treatment options. These include pain medication, hormonal therapy, and surgery.

What is the role of a doctor in treating Endometriosis?
A doctor plays a crucial role in diagnosing and treating Endometriosis. They will work with the patient to develop a treatment plan that is tailored to their individual needs.

What is the importance of a healthy diet in managing Endometriosis?
A healthy diet can help to reduce inflammation and improve overall health, which can be beneficial for those with Endometriosis. Foods that are high in antioxidants, such as fruits and vegetables, can be particularly helpful.

What is the role of exercise in managing Endometriosis?
Exercise can help to reduce pain and improve overall health, which can be beneficial for those with Endometriosis. Low-impact exercises,",9.884268999099731,"Managing Endometriosis involves pain management, hormonal therapies, and surgical interventions.",
Microsoft-Phi2,How can I manage my Diabetes?,"How can I manage my Diabetes?
The best way to manage your diabetes is to follow a healthy diet, exercise regularly, and take your medication as prescribed by your doctor. It is also important to monitor your blood sugar levels regularly and make adjustments to your treatment plan as needed.
What are the complications of Diabetes?
If left untreated, diabetes can lead to serious complications such as heart disease, stroke, kidney disease, nerve damage, and vision loss. It is important to manage your diabetes properly to prevent these complications.
What is the difference between Type 1 and Type 2 Diabetes?
Type 1 diabetes is an autoimmune disease in which the body's immune system attacks and destroys the cells in the pancreas that produce insulin. Type 2 diabetes is a metabolic disorder in which the body becomes resistant to insulin or does not produce enough insulin to maintain normal blood sugar levels.
What is the best way to prevent Diabetes?
The best way to prevent diabetes is to maintain a healthy weight, eat",9.28596544265747,"Medication adherence, blood sugar monitoring.",
Microsoft-Phi2,How is Dengue Fever diagnosed?,"How is Dengue Fever diagnosed?
Dengue fever is diagnosed by a blood test.
How is Dengue Fever treated?
There is no specific treatment for dengue fever. Treatment is aimed at relieving the symptoms.
How can Dengue Fever be prevented?
There is no vaccine for dengue fever. The best way to prevent dengue fever is to avoid mosquito bites.
What is the prognosis of Dengue Fever?
Dengue fever is a self-limiting disease. Most people recover completely within a week. However, in some cases, dengue fever can lead to severe complications such as dengue hemorrhagic fever and dengue shock syndrome. These complications can be life-threatening.
What are the complications of Dengue Fever?
Dengue fever can lead to severe complications such as dengue hemorrhagic fever and dengue shock syndrome. These complications can be life-threatening.
What are the",10.11905074119568,"Lifestyle changes include avoiding alcohol, practicing safe sex, and maintaining a healthy diet.",
Falcon-7b,What are the symptoms of Parkinson's Disease?,"What are the symptoms of Parkinson's Disease?
Symptoms of Parkinson's Disease include tremors, slow movement, stiffness, and problems with coordination and balance. Other symptoms may include difficulty swallowing, changes in speech patterns, and a decrease in facial expressions.",3.680781364440918,Treatment includes medications (levodopa) and deep brain stimulation.,
Falcon-7b,How is HIV/AIDS diagnosed?,"How is HIV/AIDS diagnosed?
HIV/AIDS can be diagnosed using a variety of tests, including HIV antibody tests, HIV DNA tests, and rapid HIV tests. The most accurate test is a combination of several tests, which can detect the virus at different stages of infection.",4.535125970840454,Treatment includes antiretroviral therapy (ART) to control the virus.,
Falcon-7b,How can I manage my Dengue Fever?,"How can I manage my Dengue Fever?
Dengue fever is a serious health condition caused by a virus spread by female mosquitoes. The main symptom is severe headache and fever that lasts three to 10 days. To manage the disease, you should take rest for at least five to six days, drink plenty of fluids, avoid pain relievers, and use mosquito nets to prevent mosquito bites. If you or someone you know is suffering from Dengue fever, it's essential to consult a healthcare professional immediately, especially if you develop severe complications.",8.15184998512268,Diagnosis involves blood tests to detect the virus or its antibodies.,
Falcon-7b,Can Glaucoma be prevented?,"Can Glaucoma be prevented?
While there is no guaranteed way to prevent glaucoma, it can be managed through regular eye exams, healthy lifestyle choices, and early detection of the disease.",2.7832906246185303,Preventing Glaucoma involves regular eye exams and maintaining eye health.,
Falcon-7b,Can Endometriosis be prevented?,"Can Endometriosis be prevented?
It is difficult to definitively say that endometriosis can be prevented, since it is largely dependent on genetics. However, there are certain lifestyle changes and treatments that can help reduce the risk of developing the condition, such as maintaining a healthy weight and avoiding smoking. It's also important to seek medical attention if you experience any abnormal symptoms related to endometriosis, such as pain or fertility issues.</s> 
What are some of the treatments or lifestyle changes that can help reduce the risk of developing endometriosis?</s> 
1. Maintaining a healthy weight to reduce the risk of endometriosis
2. Exercise regularly to reduce stress and improve overall reproductive health
3. Eating a low-fiber diet to avoid constipation and help maintain regular menstrual cycles
4. Avoid using scented soaps or tampons in the genital area to reduce exposure to chemicals
5. Use birth control or other hormonal treatments to regulate menstrual cycles or reduce endomet",16.23218607902527,Endometriosis is caused by the abnormal growth of tissue outside the uterus.,
Falcon-7b,How can I manage my Multiple Sclerosis?,"How can I manage my Multiple Sclerosis?
There are several ways to manage Multiple Sclerosis. Some treatments may include medications, physical therapy, and lifestyle changes such as a healthy diet. It is important to work closely with your healthcare team to develop an individualized treatment plan. Additionally, there may be support groups and resources available for individuals living with Multiple Sclerosis.",5.4552531242370605,"Parkinson's Disease symptoms include tremors, stiffness, and impaired balance.",
Falcon-7b,How is Cancer diagnosed?,"How is Cancer diagnosed?
Cancer is usually diagnosed through a series of tests that may include blood tests, imaging tests such as xrays and CT scans, biopsies, and other diagnostic tests. It can be a complex process that requires a multi-faceted approach.",4.2166361808776855,Symptoms vary depending on the type and stage of cancer.,
Falcon-7b,What treatment options are available for Endometriosis?,"What treatment options are available for Endometriosis?
Treatment options for Endometriosis typically involve pain management, hormone therapy, or surgery removal of endometrial tissue. Some women may also benefit from fertility treatment. It is important to consult with a healthcare professional to determine the best treatment plan for each individual case.",4.63530707359314,"Managing Endometriosis involves pain management, hormonal therapies, and surgical interventions.",
Falcon-7b,How can I manage my Diabetes?,"How can I manage my Diabetes?
To manage diabetes, it is important to keep a balanced diet, exercise regularly, and take medication or insulin if prescribed by a healthcare professional. It is also important to regularly monitor your blood sugar levels and manage your stress levels to help prevent complications from diabetes.",4.537087678909302,"Medication adherence, blood sugar monitoring.",
Falcon-7b,How is Dengue Fever diagnosed?,"How is Dengue Fever diagnosed?
Dengue fever can be diagnosed through several methods, including laboratory tests such as PCR and Dengue IgM antibody tests. The symptoms include high fever, severe headache, muscle pain, and a skin rash. It is important to consult a healthcare professional if you suspect you have Dengue fever.",4.925387144088745,"Lifestyle changes include avoiding alcohol, practicing safe sex, and maintaining a healthy diet.",
Mistral-7B,What are the symptoms of Parkinson's Disease?,"

The most common symptoms of Parkinson’s disease include:

- Tremor (shaking) in hands, arms, legs, jaw or face that occurs when the limb is at rest.
- Slowness of movement.
- Stiffness and rigidity of muscles.
- Problems with balance and walking.

How can you prevent Parkinson's Disease?

Parkinson’s disease is a chronic, progressive neurological disorder that affects the brain’s ability to control movement. While there is no cure for Parkinson’s disease, research shows that lifestyle changes may help reduce your risk of developing the condition.

- Get enough exercise: A 2016 study published in JAMA Neurology found that a high level of physical activity could lower your risk of developing Parkinson’s disease by up to 35 percent.
- Eat a healthy diet: Research shows that eating certain foods and supplements, including blueberries, omega-3 fatty acids and coffee may reduce the risk of developing Parkinson’s disease.
- Stay social: Social isolation is a common problem among older adults with Parkinson’s disease.",14.75522804260254,Treatment includes medications (levodopa) and deep brain stimulation.,0.0
Mistral-7B,How is HIV/AIDS diagnosed?,"
The virus is present in blood and can be detected through antibody testing. The test for HIV infection detects the presence of antibodies to the virus that cause HIV/AIDS in blood and saliva (by fingerstick or mouth swab). Antibodies are proteins produced by the immune system in response to a foreign substance, such as a virus.

The test is usually done on a sample of blood taken from a vein in your arm. The test can also be performed with an oral specimen obtained using an absorbent cotton pad applied inside your cheek and mouth (an oropharyngeal swab). The swab is then placed into a vial containing preservative fluid, which allows the sample to be sent to the laboratory for testing.

The test can also be done with a fingerstick blood specimen collected from a drop of blood obtained by pricking your fingertip with a lancet (a small needle). The fingerstick blood is placed into a vial containing preservative fluid, which allows the sample to be sent to the laboratory for testing. The tests performed in both oral and fingerstick blood specimens detect the same HIV antibodies as those detected in blood from a vein",12.599415302276611,Treatment includes antiretroviral therapy (ART) to control the virus.,1.0
Mistral-7B,How can I manage my Dengue Fever?," What homeopathy treatments work to combat mosquito bite complications during COVID19 crisis period when healthcare facility availability has gone down significantly and more and more people are facing shortages of masks, ventilators and beds for Corona treatment in India and globally.

Homeopathy can help in treating dengue fever as well as COVID 19 complications effectively with safe to use herbs & botanical compounds such as garlic or tulsi leaves that have antiviral properties.

## What is Dengue Fever?

Dengue fever is a viral infection transmitted by the bite of an infected mosquito. It causes high fever, headache, muscle and joint pains, and a characteristic skin rash. The disease is caused by any one of four related dengue viruses. These viruses are transmitted to humans through the bites of infected Aedes mosquitoes.

Dengue fever is also known as breakbone fever because it can cause severe joint and muscle pain that feels like bones are breaking. The disease is common in tropical and subtropical areas, including parts of Africa, Asia, the Pacific Islands, and Latin America. Deng",13.020158290863035,Diagnosis involves blood tests to detect the virus or its antibodies.,2.0
Mistral-7B,Can Glaucoma be prevented?,"

Yes, if it is detected early and treated promptly.

What are the symptoms of glaucoma?

There are no symptoms in the early stages of glaucoma. The disease usually progresses slowly over many years. As a result, you may not notice any change in your vision until the condition has reached an advanced stage. By then, irreversible damage to the optic nerve may have occurred. This is why it is important to have regular eye examinations so that glaucoma can be detected and treated early.

What are the risk factors for glaucoma?

The most common risk factor for glaucoma is increasing age. Other risk factors include a family history of glaucoma, certain ethnic groups (African-Americans, Hispanics), previous eye injury or surgery, and use of corticosteroid medications.

Can anyone develop glaucoma?

Yes. Glaucoma can affect anyone, but it is more common in people over 40 years old. People with a family history of glaucoma are at greater risk for developing the disease.

How is glaucoma treated?

Treat",12.742887258529665,Preventing Glaucoma involves regular eye exams and maintaining eye health.,3.0
Mistral-7B,Can Endometriosis be prevented?,"

Can you prevent endometriosis? Yes and No. While there is no way to completely prevent endometriosis, there are ways to reduce your risk of developing the condition.

What is endometriosis?

Endometriosis is a chronic inflammatory disease in which cells that line the uterus grow outside the uterine cavity, and often spreads into the ovaries and other parts of the abdominal cavity. It is believed to be an autoimmune condition where the immune system does not recognize endometrial tissue as foreign, so it allows the endometrial cells to proliferate without attack or inflammation, similar to that observed with breast and uterine cancers (Fazio 1989; Azziz et al. 2004).

Endometriosis is a very common condition affecting approximately 5-10% of women in the reproductive age group. It is one of the most common causes of infertility and chronic pelvic pain, and is associated with many other health problems including: painful periods, irregular bleeding, painful intercourse, infertility, ovarian cysts",8.878619909286499,Endometriosis is caused by the abnormal growth of tissue outside the uterus.,4.0
Mistral-7B,How can I manage my Multiple Sclerosis?,"

I’m a newcomer to MS, only being diagnosed a couple of years ago. I had the feeling something was wrong with me for years but didn’t know what it was. Now that I have been diagnosed and have learned about MS, I want to know if there are ways that can help my situation or to ease up my pain and stiffness in the muscles of my hands. What type of supplements could you suggest? I don’t mind spending a lot on good vitamins as long as they will be helpful to me. Thank you so much.

## Answer

Hi,

I am sorry to hear about your diagnosis and hope that you are doing well.

There is no cure for MS but there are many things that can help with the symptoms.

The first thing I would suggest is to get a copy of the book “Multiple Sclerosis: The Definitive Guide” by Dr. Roy Swank. This book has been around for years and is considered one of the best books on MS. It is full of information about MS, including dietary recommendations, exercise suggestions, and other lifestyle changes that can be beneficial in managing this condition. I also found his recommendations about how often",12.499902486801147,"Parkinson's Disease symptoms include tremors, stiffness, and impaired balance.",5.0
Mistral-7B,How is Cancer diagnosed?,"
A combination of several tests are used to diagnose cancer. These include:

- Physical examination
- Blood and urine tests
- X-rays, mammography and CAT Scan, bone scans or nuclear magnetic resonance (MRN) test – also known as NMRI in short (which uses radio waves to create images of organs and tissues)
- Endoscopy
- Biopsy

A biopsy involves surgical removal of some tissues suspected of having malignant cells. The tissue is then examined under a microscope by a pathologist who will determine if the cancer is present and, if so, what type it is. This helps to determine the stage or extent of the disease and also its prognosis.

How is Cancer treated?
Treatment depends on the type of cancer and may involve:

- Surgery to remove part of a malignant tumour and a wide area around it so as not to spread to other parts of the body.
- Radiation therapy which uses high energy rays to kill cancer cells.
- Chemotherapy which involves using drugs to destroy cancer cells.
- Hormone therapy which is used to treat",12.056664228439333,Symptoms vary depending on the type and stage of cancer.,6.0
Mistral-7B,What treatment options are available for Endometriosis?,"

Treatment for endometriosis is determined by the severity of your symptoms. For patients whose discomfort may not need extensive interventions and surgical correction can begin to seek over the counter analgesic medicine from doctors (asthma, arthritis, etc.) or non-steroidal anti-inflammatory drugs (NSAIDs) such as ibuprofen and naproxen sodium. NSAIDS reduce prostaglandins (prostaglandins cause the cramping, pain, and inflammation associated with endometriosis).

If your symptoms are more severe, your doctor may prescribe hormonal contraceptives to prevent ovulation. This can help decrease menstrual bleeding and cramps as well as relieve other symptoms such as diarrhea. Doctors prescribed high dose NSAID combinations containing birth control medication because the drug reduces the levels of estrogen, which can lead to infertility in women who are under 27 years old at conception and cause endometriosis in postmenopausal women.

Another treatment option for severe endometriosis is hormone replacement therapy (HRT). This form",12.714894533157349,"Managing Endometriosis involves pain management, hormonal therapies, and surgical interventions.",7.0
Mistral-7B,How can I manage my Diabetes?,"

Type 1 and type 2 diabetes are both chronic conditions that require daily management. The good news is that there are many ways to help you manage your diabetes, including:

- Follow your care team's treatment plan: The healthcare team caring for your condition is composed of primary physicians who focus on a certain field like diabetology, endocrinology, internal medicine, or family medicine. They will work with you to develop a treatment plan that works best for you and helps you achieve the goals you have set.
- Follow a healthy eating plan: The dietitian is an important member of your healthcare team because he/she helps create meal plans for your type of diabetes based on the nutrition information and foods that will keep you as healthy as possible while staying within a range that doesn’t exceed certain numbers of carbs or sugar levels at different times of the day, according to American Diabetes Association guidelines (1). It can also include making simple adjustments to cooking techniques when using oil vs. fat/protein instead which might lead people with diabetes into eating more calories than they need without realizing it!
- Get regular exercise: Exercise is an important part of managing your diabetes because it helps control blood sugar levels,",8.991431951522827,"Medication adherence, blood sugar monitoring.",8.0
Mistral-7B,How is Dengue Fever diagnosed?,"

- Clinical history and physical examination.
- Laboratory tests:
    - Complete blood count (CBC) with differential.
    - Peripheral blood smear, especially thick and thin blood films stained by the Giemsa stain.
    - Serologic testing for IgM antibodies to dengue virus.
    - Virus isolation from serum or plasma by cell culture or molecular techniques.
- Other tests:
    - Chest X-ray, ECG and echocardiogram if pulmonary or cardiac complications are suspected.

Which specimen type should I use to collect blood?

Venipuncture is the preferred method for collecting blood for laboratory testing.

How long will it take to get results?

Results of a rapid test are usually available within 30 minutes; serological and virological tests can take from several days up to a few weeks depending on the assay used and whether samples are tested locally or referred to reference laboratories.",11.373121976852415,"Lifestyle changes include avoiding alcohol, practicing safe sex, and maintaining a healthy diet.",9.0
Llama-2-7B-AWQ,What are the symptoms of Parkinson's Disease?,"<s> What are the symptoms of Parkinson's Disease?

  1. Tremor
  2. Rigid muscles
  3. Slowed movement
  4. Impaired balance

What are the most common signs and symptoms of Parkinson's Disease?

  1. Tremor
  2. Rigid muscles
  3. Slowed movement
  4. Impaired balance

What are the 5 most common symptoms of Parkinson's Disease?

  1. Tremor
  2. Rigid muscles
  3. Slowed movement
  4. Impaired balance
  5. Muscle stiffness

How are Parkinson's Disease and Parkinson's Syndrome different?

Parkinson's Disease is a chronic progressive neurological condition that causes a wide range of symptoms including tremors, rigid muscles, slowed movement, and impaired balance. Parkinson's Syndrome is a set of symptoms that can be caused by other neurological conditions, such as multiple sclerosis or brain tumors.

What are the different types of Parkinson's Disease?

  1. Idiopathic Parkinson's Disease: This type of Parkinson's Disease has no known cause.
  2. Secondary Parkinson's Disease: This type of Parkinson's Disease is caused by another medical condition, such as a brain tumor or stroke.
  3. Mixed Parkinson's Disease: This type of Parkinson's Disease is caused by both Parkinson's Disease and another medical condition, such as Alzheimer's Disease.
  4. Drug-Induced Parkinson's Disease: This type of Parkinson's Disease is caused by taking certain medications, such as antidepressants or antihistamines.

How many people are affected by Parkinson's Disease?

Parkinson's Disease is a chronic progressive neurological condition that causes a wide range of symptoms including tremors, rigid muscles, slowed movement, and impaired balance.

How does Parkinson's D",28.271754026412964,Treatment includes medications (levodopa) and deep brain stimulation.,10.0
Llama-2-7B-AWQ,How is HIV/AIDS diagnosed?,"<s> How is HIV/AIDS diagnosed?

  

## Treatment

HIV/AIDS treatment is primarily focused on managing symptoms, preventing infection, and slowing the progression of the disease.

### Medications

Antiretroviral therapy (ART) is the primary treatment for HIV/AIDS. This involves taking a combination of antiretroviral medications to reduce the amount of HIV in the body and prevent its spread.

### Lifestyle modifications

Lifestyle modifications, such as regular exercise and a healthy diet, can also help to manage HIV/AIDS.

### Palliative care

Palliative care is an important part of HIV/AIDS treatment, as it focuses on providing comfort and relief to patients with advanced disease.

## Prevention

Preventing the spread of HIV/AIDS is an important part of HIV/AIDS treatment.

### Safe sex

Safe sex is the most effective way to prevent the spread of HIV/AIDS. This involves using a condom during sexual intercourse to prevent contact with bodily fluids.

### Needle and syringe programs

Needle and syringe programs are programs that provide clean and sterile needles and syringes to people who inject drugs. These programs are an important part of HIV/AIDS prevention, as they reduce the risk of HIV transmission among people who inject drugs.

### Testing and counseling

Testing and counseling are important for HIV/AIDS prevention. People who are at risk for HIV infection should be tested regularly to monitor their status and receive counseling on how to prevent infection.

### Vaccines

There are currently no vaccines available for HIV/AIDS prevention. However, research is ongoing to develop a vaccine for preventing HIV infection.

## Research

HIV/AIDS research is an important part of HIV/AIDS treatment and prevention.

### Basic research

Basic research is ongoing to understand the biology of HIV/AIDS. This includes research on the structure and function of HIV, as well as research",25.268855333328247,Treatment includes antiretroviral therapy (ART) to control the virus.,11.0
Llama-2-7B-AWQ,How can I manage my Dengue Fever?,"<s> How can I manage my Dengue Fever?

  1. 1. Prevention is better than cure.
  2. 2. Take plenty of rest.
  3. 3. Take plenty of fluids.
  4. 4. Take paracetamol.
  5. 5. Take plenty of fresh juices.
  6. 6. Take plenty of fruits.
  7. 7. Keep the body cool.
  8. 8. Wear loose fitting clothes.
  9. 9. Keep the body clean.
  10. 10. Keep the surroundings clean.
  11. 11. Take mosquito repellents.
  12. 12. Take vitamins.
  13. 13. Don't go out in the evening.
  14. 14. Go out in the early morning.
  15. 15. Stay away from mosquitoes.
  16. 16. Keep the body cool.
  17. 17. Keep the surroundings clean.
  18. 18. Keep the body clean.
  19. 19. Don't eat stale food.
  20. 20. Eat fresh food.
  21. 21. Don't eat food with lots of spices.
  22. 22. Eat food with less of spices.
  23. 23. Don't eat food with too much salt.
  24. 24. Eat food with less of salt.
  25. 25. Don't eat food with too much sugar.
  26. 26. Eat food with less of sugar.
  27. 27. Don't eat food with too much oil.
  28. 28. Eat food with less of oil.
  29. 29. Don't eat food with too much water.
  30. 30. Eat food with less of water.
  31. 31. Don't eat food with too much water.
  32. 32. Eat food with less of water.
  33",25.007585048675537,Diagnosis involves blood tests to detect the virus or its antibodies.,12.0
Llama-2-7B-AWQ,Can Glaucoma be prevented?,"<s> Can Glaucoma be prevented?

   The answer is YES. There are ways to reduce the risk of glaucoma.

   There are many factors that can increase the risk of developing glaucoma. Some of these are:

- Age: Glaucoma is more common in older people. The risk increases as we get older.

- Ethnicity: Glaucoma is more common in people of African and Caribbean descent.

- Family history: Glaucoma is more likely to run in families.

- Eye injury: Injuries to the eye can increase the risk of developing glaucoma.

- Other medical conditions: Some medical conditions, such as diabetes, can increase the risk of developing glaucoma.

- Low blood pressure: Low blood pressure can increase the risk of glaucoma.

- Smoking: Smoking can increase the risk of developing glaucoma.

- High myopia: High myopia (short-sightedness) can increase the risk of developing glaucoma.

- Steroids: Steroids can increase the risk of developing glaucoma.

- Other factors: Other factors, such as a family history of glaucoma, can increase the risk of developing glaucoma.

- Medication: Some medications, such as beta-blockers, can increase the risk of developing glaucoma.

- Eye drops: Eye drops that are used to lower the pressure in the eye can increase the risk of developing glaucoma.

- Eye surgery: Eye surgery that is used to lower the pressure in the eye can increase the risk of developing glaucoma.

- Eye injuries: Eye injuries can increase the risk of developing glaucoma.

- Eye infections: Eye infections can increase the risk of developing glaucoma.

- Eye inflammation: Eye inflammation can increase the risk of developing glaucoma.

- Eye tumors: Eye tumors can increase the risk of developing glaucoma.

- Eye trauma: Eye trauma can increase the risk of developing glaucoma.

- Eye diseases: Eye diseases, such as catar",25.540988445281982,Preventing Glaucoma involves regular eye exams and maintaining eye health.,13.0
Llama-2-7B-AWQ,Can Endometriosis be prevented?,"<s> Can Endometriosis be prevented?

  






Endometriosis is a chronic disease that is caused by the abnormal growth of the lining of the uterus (endometrium) in the abdominal cavity. This can lead to the development of endometriosis lesions.

Endometriosis is not a life-threatening condition but it can be painful. Endometriosis can cause severe pain during your periods and make it difficult to have children.

The exact cause of endometriosis is unknown. But there are some factors that are known to increase the risk of developing endometriosis.

1. Being born female
2. Having a family history of endometriosis
3. Having a history of having a cesarean section
4. Having a history of having an ectopic pregnancy
5. Having a history of having endometriosis
6. Having a history of having an abnormal menstrual cycle
7. Having a history of having a history of having an abnormal menstrual cycle
8. Having a history of having an abnormal menstrual cycle
9. Having a history of having an abnormal menstrual cycle
10. Having a history of having an abnormal menstrual cycle
11. Having a history of having an abnormal menstrual cycle
12. Having a history of having an abnormal menstrual cycle
13. Having a history of having an abnormal menstrual cycle
14. Having a history of having an abnormal menstrual cycle
15. Having a history of having an abnormal menstrual cycle
16. Having a history of having an abnormal menstrual cycle
17. Having a history of having an abnormal menstrual cycle
18. Having a history of having an abnormal menstrual cycle
19. Having a history of having an abnormal menstrual cycle
20. Having a history of having an abnormal menstrual cycle
21. Having a history of having an abnormal menstrual cycle
22. Having a history of having an abnormal menstrual cycle
23. Having a history of having an abnormal menstrual cycle
24. Having a history of having an abnormal menstrual cycle
25. Having a history of having an abnormal menstru",24.276371955871586,Endometriosis is caused by the abnormal growth of tissue outside the uterus.,14.0
Llama-2-7B-AWQ,How can I manage my Multiple Sclerosis?,"<s> How can I manage my Multiple Sclerosis?

  


### What is MS?































































































































































































































































































































































































































<



<


































<






























<


<



 
 

",25.282491207122803,"Parkinson's Disease symptoms include tremors, stiffness, and impaired balance.",15.0
Llama-2-7B-AWQ,How is Cancer diagnosed?,"<s> How is Cancer diagnosed?

  
    * 
    * 
    * 
    * 
    * 
    * 
    * 
    * 
    * 
    * 
    * 
    * 
    * 
    * 
    * 
    * 
    * 
    * 
    * 
    * 
    * 
    * 
    * 
    * 
    * 
    * 
    * 
    * 
    * 
    * 
    * 
    * 
    * 
    * 
    * 
    * 
    * 
    * 
    * 
    * 
    * 
    * 
    * 
    * 
    * 
    * 
    * 
    * 
    * 
    * 
    * 
    * 
    * 
    * 
    * 
    * 
    * 
    * 
    * 
    * 
    * 
    * 
    * 
    * 
    * 
    * 
    * 
    * 
    * 
    * 
    * 
    * 
    * 
    * 
    * 
    * 
    * 
    * 
    * 
    * 
    * 
    * 
    * 
    * 
    * 
    * 
    * 
    * 
    * 
    * 
    * 
    * 
    * 
    * 
    * 
    * 
    * 
    * 
    * 
    * 
    * 
    * 
    * 
    * 
    * 
    * 
    * 
    * 
    * 
    * 
    * 
    * 
    * 
    * 
    * 
    * 
    * 
    * 
    * 
    * 
    * 
    * 
    * 
    * 
    * 
    * 
    * 
    * ",25.16860842704773,Symptoms vary depending on the type and stage of cancer.,16.0
Llama-2-7B-AWQ,What treatment options are available for Endometriosis?,"<s> What treatment options are available for Endometriosis?

  

### Over the Counter



### Prescription







### Surgical
















































































































































































































































































































































































































  





















</s>",21.86794638633728,"Managing Endometriosis involves pain management, hormonal therapies, and surgical interventions.",17.0
Llama-2-7B-AWQ,How can I manage my Diabetes?,"<s> How can I manage my Diabetes?

  

## What is Diabetes?

Diabetes is a condition in which the body has a problem with producing insulin. Insulin is a hormone that helps our body to convert carbohydrates into energy. When a person has Diabetes, the body is not able to produce enough insulin, or in some cases, no insulin at all. This causes blood glucose levels to rise and the body is not able to use glucose for energy.

## Types of Diabetes

There are two types of Diabetes:

1. Type 1 Diabetes
2. Type 2 Diabetes

### Type 1 Diabetes

Type 1 Diabetes is a condition in which the body is not able to produce insulin. This is a genetic condition and it usually occurs in childhood. It is estimated that 5% to 10% of all people with Diabetes have Type 1.

### Type 2 Diabetes

Type 2 Diabetes is a condition in which the body is not able to use insulin properly. This is a metabolic condition and it usually occurs in adulthood. It is estimated that 90% to 95% of all people with Diabetes have Type 2.

## Symptoms

The symptoms of Diabetes may include:

* Increased thirst
* Increased urination
* Unusual weight loss
* Fatigue
* Blurred vision
* Tingling or numbness in the feet
* Dry skin

## Prevention

There is no cure for Diabetes, but there are things that you can do to prevent it.

### Avoid smoking and alcohol

Smoking and alcohol can both increase your risk for Diabetes. If you are a smoker, it is important to quit smoking. If you drink alcohol, it is important to do so in moderation.

### Eat healthy

Eating healthy is one of the best ways to prevent Diabetes. You should avoid eating foods that are high in sugar and saturated fat. Instead, eat foods that are low in sugar and saturated fat and high",25.35748291015625,"Medication adherence, blood sugar monitoring.",18.0
Llama-2-7B-AWQ,How is Dengue Fever diagnosed?,"<s> How is Dengue Fever diagnosed?

  

Dengue virus can be diagnosed by a variety of methods. The most commonly used method is the rapid detection of antibodies against dengue virus. The presence of antibodies is indicative of prior infection with dengue virus.

## Further reading

* ""Dengue Fever"". The Merck Manual of Diagnosis and Therapy. 2007.
* ""Dengue Fever"". The New England Journal of Medicine. 2006.
* ""Dengue Fever"". The New England Journal of Medicine. 2008.

## External links

*  Media related to Dengue fever at Wikimedia Commons
*  Quotations related to Dengue fever at Wikiquote</s>",8.786250591278076,"Lifestyle changes include avoiding alcohol, practicing safe sex, and maintaining a healthy diet.",19.0
GPT3-5,What are the symptoms of Parkinson's Disease?,"The symptoms of Parkinson's Disease can vary from person to person, but some common symptoms include:

1. Tremors: Involuntary shaking or trembling, usually starting in the hands or fingers.

2. Rigidity: Stiffness and inflexibility in the muscles, making movement difficult.

3. Bradykinesia: Slowness of movement, including difficulty starting and stopping movements.

4. Postural instability: Impaired balance and coordination, leading to difficulty walking and an increased risk of falls.

5. Changes in speech: Slurred or monotone speech, or difficulty speaking at all.

6. Changes in handwriting: Small, cramped, or illegible handwriting.

7. Loss of automatic movements: Difficulty with everyday activities such as blinking",2.3355391025543213,Treatment includes medications (levodopa) and deep brain stimulation.,
GPT3-5,How is HIV/AIDS diagnosed?,"HIV/AIDS can be diagnosed through a variety of tests, including:

1. HIV Antibody Test: This test checks for the presence of antibodies produced by the body in response to HIV infection. It can take 2-8 weeks for these antibodies to show up in the blood, so it is not accurate immediately after infection.

2. HIV Antigen/Antibody Test: This test checks for both HIV antibodies and antigens, which are substances produced by the virus. It can detect HIV earlier than the antibody test, usually within 2-4 weeks of infection.

3. Nucleic Acid Test (NAT): This test looks for the actual virus in the blood and can detect HIV within 1-2 weeks of infection. It",2.241530179977417,Treatment includes antiretroviral therapy (ART) to control the virus.,
GPT3-5,How can I manage my Dengue Fever?,"There is currently no specific treatment or cure for Dengue Fever. However, there are several steps you can take to manage the symptoms and speed up recovery:

1. Stay hydrated: Dengue Fever can cause dehydration, so it is important to drink plenty of fluids, especially water and electrolyte-rich drinks like sports drinks or coconut water.

2. Rest: Getting plenty of rest can help your body fight off the virus and aid in a quicker recovery. Avoid strenuous activities and get enough sleep.

3. Take over-the-counter pain relievers: Acetaminophen (Tylenol) can help relieve fever and body aches. Avoid taking aspirin or ibuprofen, as these can increase the risk of bleeding.

4. Use mosquito",2.461994171142578,Diagnosis involves blood tests to detect the virus or its antibodies.,
GPT3-5,Can Glaucoma be prevented?,"While there is no guaranteed way to prevent glaucoma, there are steps you can take to lower your risk of developing the condition. These include:

1. Regular eye exams: The best way to detect glaucoma early is to have regular comprehensive eye exams. This is especially important if you have a family history of glaucoma or are over the age of 60.

2. Maintain a healthy lifestyle: Eating a balanced diet, exercising regularly, and avoiding smoking can help reduce your risk of developing glaucoma.

3. Protect your eyes from injury: Eye injuries can increase your risk of developing glaucoma, so make sure to wear protective eyewear when playing sports or working in hazardous conditions.

4. Monitor your eye pressure: People",2.531827926635742,Preventing Glaucoma involves regular eye exams and maintaining eye health.,
GPT3-5,Can Endometriosis be prevented?,"There is currently no known way to prevent endometriosis. However, some lifestyle changes, such as maintaining a healthy weight, reducing alcohol consumption, and managing stress, may help reduce the risk of developing the condition. Additionally, early diagnosis and treatment of endometriosis may help prevent further progression and complications. It is important to consult with a healthcare provider if you experience symptoms of endometriosis.",1.421266794204712,Endometriosis is caused by the abnormal growth of tissue outside the uterus.,
GPT3-5,How can I manage my Multiple Sclerosis?,"Managing Multiple Sclerosis (MS) involves a variety of approaches, including medication, lifestyle changes, and support from healthcare professionals. Here are some tips for managing your MS:

1. Work with your doctor to find the right treatment: There are several medications available to manage MS symptoms and slow the progression of the disease. Your doctor can help you find the best treatment plan for your specific case.

2. Stay physically active: Regular exercise can help improve strength, balance, and overall mobility. It may also help manage symptoms such as fatigue and depression.

3. Eat a healthy diet: A nutritious diet can help support your overall health and immune system. Some research suggests that following a diet rich in fruits, vegetables, and whole grains may also help manage MS",2.325358629226685,"Parkinson's Disease symptoms include tremors, stiffness, and impaired balance.",
GPT3-5,How is Cancer diagnosed?,"Cancer is diagnosed through a combination of methods, including physical exams, imaging tests, laboratory tests, and biopsies. A doctor may first perform a physical exam to check for any signs or symptoms of cancer. Imaging tests, such as X-rays, CT scans, MRI scans, or PET scans, may be used to look for abnormal areas in the body. Laboratory tests, such as blood tests or urine tests, may be done to look for certain substances that may indicate cancer. A biopsy, which involves taking a sample of tissue from the suspected area and examining it under a microscope, is often necessary to confirm a cancer diagnosis.",1.880517721176148,Symptoms vary depending on the type and stage of cancer.,
GPT3-5,What treatment options are available for Endometriosis?,"Some treatment options for endometriosis include:

1. Pain medication: Over-the-counter pain relievers such as ibuprofen or naproxen can help relieve pain and discomfort associated with endometriosis.

2. Hormonal birth control: This can help regulate the menstrual cycle and reduce the growth of endometrial tissue.

3. Gonadotropin-releasing hormone (GnRH) agonists: These medications temporarily stop the production of estrogen and can help shrink endometrial tissue.

4. Progestin therapy: This involves taking progestin, a synthetic form of progesterone, to help regulate the menstrual cycle and reduce endometrial tissue growth.

5. Surgery: In more severe cases, surgery may be",2.337101936340332,"Managing Endometriosis involves pain management, hormonal therapies, and surgical interventions.",
GPT3-5,How can I manage my Diabetes?,"Here are a few tips for managing diabetes:

1. Follow a healthy diet: A balanced and nutritious diet is crucial for managing diabetes. Focus on consuming whole foods, including plenty of fruits, vegetables, lean proteins, and whole grains. Limit your intake of sugary and processed foods.

2. Monitor your blood sugar levels: Regularly checking your blood sugar levels can help you understand how your body responds to different foods and activities. This can help you make necessary adjustments to your diet and lifestyle.

3. Exercise regularly: Physical activity helps control blood sugar levels and can also improve insulin sensitivity. Aim for at least 30 minutes of moderate exercise, such as walking, cycling, or swimming, most days of the week.

4. Take medication as prescribed",2.374375820159912,"Medication adherence, blood sugar monitoring.",
GPT3-5,How is Dengue Fever diagnosed?,"Dengue Fever is typically diagnosed through a combination of symptoms, physical examination, and laboratory tests.

1. Symptoms: The most common symptoms of Dengue Fever include high fever, severe headache, joint and muscle pain, nausea, vomiting, and rash. These symptoms typically appear within 4-7 days after being bitten by an infected mosquito.

2. Physical examination: During a physical exam, a doctor will look for signs of dengue infection, such as skin rash, enlarged lymph nodes, and enlarged liver.

3. Laboratory tests: Blood tests are the most common way to diagnose Dengue Fever. These tests include:

- Enzyme-linked immunosorbent assay (ELISA): This test detects the presence of antibodies produced by the body",2.221529245376587,"Lifestyle changes include avoiding alcohol, practicing safe sex, and maintaining a healthy diet.",
Meditron,What are the symptoms of Parkinson's Disease?,"What are the symptoms of Parkinson's Disease?
What causes Parkinson's Disease?
Who is at highest risk for developing Parkinson's Disease?
How can I reduce my risk of Parkinson's Disease?
Where can I find medical care for Parkinson's Disease?
Learn More in other resources:
Medical Dictionary, © 2019 Pearson Healthcare
Merck Manual
- Parkinson's disease (PD) is a progressive neurodegenerative disorder. The classic motor features include rigidity, bradykinesia, resting tremor and postural instability, although these may vary from patient to patient. A number of non-motor features occur that have significant impact on quality of life and prognosis. Non-motor features include depression, sleep disorders, autonomic dysfunction, constipation, sensory disturbances and cognitive impairment. Diagnosis of PD relies on clinical criteria which encompass motor and non-motor features. Treatments aimed at slowing or preventing the loss of dopaminergic neurons in the substantia nigra pars compacta (SNpc), such as levodopa and dopamine agonists, provide relief of motor symptoms but do not significantly alter the course of the disease. Other treatments include catechol-O-methyltransferase (COMT) inhibitors and monoamine oxidase B (MAOB) inhibitors to reduce metabolism of levodopa, anticholinergics to relieve troublesome hallucinations and psychotic episodes, and deep brain stimulation surgery.
Parkinson's disease (PD) is a progressive neurodegenerative disorder. The classic motor features include rigidity, bradykinesia, resting tremor and postural instability, although these may vary from patient to patient. A number of non-motor features occur that have significant impact on quality of life and prognosis. Non-motor features include depression, sleep disorders, autonomic dysfunction, constipation, sensory disturbances and cognitive impairment. Diagnosis of PD relies on clinical criteria which encompass motor and non-motor features. Treatments",22.33479690551757,Treatment includes medications (levodopa) and deep brain stimulation.,
Meditron,How is HIV/AIDS diagnosed?,"How is HIV/AIDS diagnosed?
HIV infection can be identified by blood or plasma antibody tests, which are used to screen for the presence of antigens that have been produced as a result of the body's immune response to the virus. These antibodies are typically found in the blood after 4-6 weeks after exposure and may continue to be present even if the patient has cleared the virus from their system. Antigen testing uses a laboratory method to detect proteins (antigens) produced by the virus, usually within 20 minutes. This type of test is used mainly to confirm the results of an antibody test, but it may also be performed alone if there is a suspicion of acute infection. Although these tests cannot determine whether the individual is currently infected with HIV, they do provide useful information about previous exposure to the virus. In addition, it is important to note that not all people who become infected with HIV will produce antibodies; thus, negative antibody test results do not necessarily mean that an individual is uninfected.
There are several types of antibody tests available, each with its own advantages and disadvantages. The most commonly used test is the enzyme-linked immunosorbent assay (ELISA), which utilizes antibodies against different viral proteins to identify specific markers associated with HIV infection. Other methods include Western blot analysis and radioimmunoassays (RIAs). ELISA is relatively easy to perform and is often considered to be the gold standard for HIV serological testing because it has high sensitivity and specificity rates compared to other tests. However, it requires specialized equipment and trained personnel, making it less accessible than some other options. Western blot analysis involves electrophoresis of samples through polyacrylamide gels containing viral antigens followed by immunostaining with antibodies specific to those antigens. This technique offers greater accuracy than ELISA but takes longer to complete and requires expensive equipment. Finally, RIA involves labeling antibodies with radioactive tracers before adding them to samples, allowing for more precise measurements of antibody levels than traditional ELISA but at the cost of increased complexity and expense.
In terms of treatment, early detection of HIV infection allows for timely intervention and initiation of therapies that can",23.392661809921265,Treatment includes antiretroviral therapy (ART) to control the virus.,
Meditron,How can I manage my Dengue Fever?,"How can I manage my Dengue Fever?
How can I manage my Dengue Fever?
For more information on dengue, please click here.
Dengue fever is a virus that spreads from mosquitoes to humans. The symptoms of the illness include:
- High fevers (up to 104°F)
- Headache
- Muscle and joint pain
- Nausea and vomiting
- Rash
These symptoms usually appear 3 to 7 days after being bitten by an infected mosquito. Symptoms may last for about 2 weeks, but they may take longer in some people.
The only way to prevent contracting the virus is to avoid being bitten by mosquitoes. Use insect repellents or permethrin-treated clothing and stay inside at night. In addition, remove standing water around your home so you will not have mosquitoes breeding there.
Treatment
If you think you have dengue fever, you should see your health care provider as soon as possible. You need to make sure you are getting enough fluids, especially if you are experiencing vomiting and diarrhea. Your doctor may also prescribe anti-inflammatory drugs such as ibuprofen and acetaminophen. These drugs help relieve muscle aches and reduce fevers.
Ask your doctor if you should seek hospital care. If you do, they may give you intravenous fluids and medicines to control the amount of fluid in your bloodstream. This can help prevent shock, which is when your blood pressure plummets.
Most people who get dengue fever will recover within a week. It is important to drink plenty of fluids during this time.
Recovery
After dengue fever, it may take several months before you feel completely well again. This is because your body needs time to recover from the infection.
It’s common to feel tired and weak for a while. Don't worry—you should start feeling better shortly. Some people experience long-term problems with their kidneys or liver. A small number of people may also develop chronic arthritis or rheumatic disease.
In most cases, recovery takes less than two weeks. However, it may be slower in older adults or those with other health conditions.
In very",22.96465015411377,Diagnosis involves blood tests to detect the virus or its antibodies.,
Meditron,Can Glaucoma be prevented?,"Can Glaucoma be prevented? A qualitative study of patient views, Williams 3rd 2017; 86: 53–64. 4. Lee MK, Li W, Xin L et al. The prevalence and characteristics of glaucoma in an older population: the Blue Mountains Eye Study. Ophthalmology 2008; 115: 1954–62. 5. Lim JY, Kang SW, Cho YH et al. Prevalence and risk factors for undiagnosed glaucoma in Korea: the Korean National Health and Nutrition Examination Survey (KNHANES IV-2). Arch Ophthalmol 2011; 129: 1433–40. 6. Schuster AM, Rowe FJ, Barker F, Pacey MW, Harding GF, Day AN. Clinical and epidemiological research on glaucoma: a review of current perspectives and future directions. Br J Ophthalmol 2010; 94: 1360–9. 7. Ramulu PY, Wang MS, Vajaranant TS et al. Underdiagnosis of age-related macular degeneration. Arch Ophthalmol 2009; 127: 674–82. 8. Cheng YC, Lin CC, Chen TL et al. Early detection of diabetic retinopathy using fundus photography with image processing techniques. J Optom 2015; 8: 165–70. 9. Levesque D, Harris M, Russell CM. Telemedicine: helping to meet the health care needs of the underserved. Health Serv Res 2001; 36: 1141–55. 10. Sambursky R, McAlister FA, Harris M, Levesque D. Effectiveness of telemedicine: an overview of reviews. Telemed J E Health 2007; 13: 589–96. 11. Hussain W, Macdonald RB, Healey DG et",22.75410008430481,Preventing Glaucoma involves regular eye exams and maintaining eye health.,
Meditron,Can Endometriosis be prevented?,"Can Endometriosis be prevented?
The most important risk factor for endometriosis is early menarche, and the best evidence for this comes from a large study of 23,091 women (5) who were followed prospectively for an average of 14 years. Of these women, 8% developed endometriosis during the follow-up period. Women with an earlier age at menarche had a twofold to threefold increased relative risk of developing endometriosis compared with those with later age at menarche. These data provide strong support for early menarche as one of the risk factors for endometriosis.
There are other known risk factors for endometriosis, including history of pelvic inflammatory disease, cigarette smoking, nulliparity, infertility, and family history of endometriosis (6). However, these associations have not been well studied in epidemiologic studies, and their contribution to the development of endometriosis has been questioned because they appear to be associated with other conditions that predispose women to endometriosis such as age at menarche and parity status.
In addition to known risk factors, there are also many proposed hypotheses about risk factors for endometriosis. Although it may seem like many different environmental factors could cause endometriosis, all of these factors can be grouped into one of three broad categories: estrogen-related, immunologically related, or genetically related. The first category includes hormones, birth control pills, and dietary supplements. There is also some evidence suggesting that stress can exacerbate symptoms of endometriosis. The second category includes vitamin D levels, body mass index, and dietary intake. Finally, the third category includes family history, ethnic background, socioeconomic status, and other genetic predispositions to endometriosis.

## Diagnosis of endometriosis
Endometriosis is a condition where tissue resembling the lining of the womb grows outside the uterus and attaches to organs such as the ovaries and fallopian tubes. It affects approximately 10% of women and can present itself in various forms, ranging from mild to severe. While endometriosis is often considered benign, it can lead to infer",22.679844617843628,Endometriosis is caused by the abnormal growth of tissue outside the uterus.,
Meditron,How can I manage my Multiple Sclerosis?,"How can I manage my Multiple Sclerosis?"".

## Case 3
Mr. H, a 27-year-old man, has been experiencing numbness and tingling in both lower limbs for the past two years. He is worried that his symptoms will worsen or lead to significant disability over time. He is afraid of becoming physically dependent on others as well as losing his job and being unable to support himself and his family.
He asks you: ""How can I prevent my Multiple Sclerosis from getting worse?"" and ""What are my treatment options?""

## Case 4
Ms. J, a 50-year-old woman, has recently received her diagnosis of multiple sclerosis (MS). She knows that MS is unpredictable but feels overwhelmed with all she needs to learn about the disease. Ms. J is concerned that the disease could affect her ability to work. She is also worried that her MS may cause a decline in her sexual functioning, which would have a profound impact on her relationship with her spouse.
She asks you: ""How common is this condition and how long does it take to develop disability from MS?"" and ""Can I still be sexually active if I have MS?""

# Conclusions
The development of the MS-TRIP questionnaire provides a validated measure of knowledge about MS among patients. The findings suggest that patients' level of knowledge about their illness increases after reading educational materials designed by health professionals. As such, we propose that the MS-TRIP questionnaire be used as an outcome tool to assess the effectiveness of patient education strategies and interventions in the field of neurology.
In addition to providing a useful clinical tool, our study suggests several implications for MS researchers and clinicians. Firstly, our results show that patients with multiple sclerosis do not have adequate knowledge about their disease, which leads to anxiety and fear. This finding highlights the need for improved patient education about MS. Secondly, we found that there was a correlation between age and education level and the overall score obtained in the MS-TRIP questionnaire. These findings imply that younger and more educated patients tend to have better understanding of their illness compared to older and less educated patients.
Our study has some limitations. First, this study included only MS patients visiting",22.650547981262207,"Parkinson's Disease symptoms include tremors, stiffness, and impaired balance.",
Meditron,How is Cancer diagnosed?,"How is Cancer diagnosed?
During a physical exam, the doctor may be able to feel lumps that are suspicious for cancer. Lymph nodes in the neck or groin can also be felt when the doctor palpates these areas during the exam. An x-ray of the chest may show signs of lung cancer. A CT scan may be used to detect the extent of metastasis and help plan treatment options. Tumor markers are substances released into the blood by tumors which can be measured using lab tests. The most common tumor marker for lung cancer is carcinoembryonic antigen (CEA), which is present in some but not all cases of lung cancer. Other tumor markers include cytokeratin 19 fragments (CYFRA21-1) and neuron-specific enolase (NSE). These levels will increase as the cancer progresses; however, they cannot be relied on as diagnostic tools because they can also rise from inflammation caused by other conditions such as pneumonia.

## Stages of Cancer
Cancer staging helps determine how far the disease has spread and what treatments are available. There are five stages: stage 0 (carcinoma in situ), stage I (localized), stage II (regional), stage III (distant), and stage IV (metastatic). Each stage has different treatment options depending on whether it is localized or metastasized. For example, surgery is often used to treat early stage cancers while chemotherapy is usually reserved for those with advanced disease. In addition, immunotherapy is an emerging treatment modality that uses drugs like interleukins to boost the body’s own immune system against cancer cells. It has shown promise but its long-term effects remain unknown so far.
Lung cancer stages depend on where the cancer starts and how fast it grows. If the cancer is detected early enough, it can be treated with surgery alone without needing additional therapies like radiation therapy or chemotherapy. As the disease progresses, more aggressive treatments become necessary to slow down progression further. The first step towards finding out about your lung cancer stage is getting tested through biopsy. Once this happens, doctors will use imaging scans like CT scans and MRIs along with histopathological analyses of samples taken during surgery to make sure there aren",22.77544212341309,Symptoms vary depending on the type and stage of cancer.,
Meditron,What treatment options are available for Endometriosis?,"What treatment options are available for Endometriosis?
Endometriosis is a condition that causes pain and discomfort in the pelvis. It affects approximately 10% of women worldwide and can cause infertility, painful periods, and other complications. The most common treatments for endometriosis include surgery, hormonal therapy, or a combination of both. Surgical removal of lesions is often performed in cases where medication has failed to provide relief from symptoms. Hormones such as progestin (a synthetic version of progesterone) have also been used successfully in some patients with mild forms of this disease but may not be effective against more severe cases. Combinations of these methods may yield better results than either alone; however, there is no consensus on which approach should be taken when treating different types of endometriosis. In summary, many different treatments are available depending on how severe your condition is and whether it affects fertility or not..
What can I do to relieve my Endometriosis symptoms?
The first step to managing endometriosis is to understand what you’re dealing with. This will help you make decisions about how best to manage your symptoms and treatment plan. If you suffer from any of these conditions: -Painful menstrual cramps -Scar tissue formation after surgery -Chronic inflammation -Hormone imbalance, then it might be time to consider an alternative treatment option like laser therapy or acupuncture instead of taking medicine every day because they don’t work well enough on their own! You might also want try vitamin supplements like calcium D3
How long does it take for Endometriosis to heal?
It takes about two weeks for endometriosis to heal. The process starts with removing all visible tissue and damaged areas of the uterus using a scalpel blade or electrosurgery before closing up any open wounds left behind by cutting away excess tissue. Afterwards, patients are given antibiotics to prevent infection during recovery period until they feel comfortable enough to resume normal activities again within four days post-op..
In conclusion, our study found that women with endometriosis were less likely to conceive spontaneously than those without. The main risk factor associated with infertility was age, followed by stage and grade",23.628584384918213,"Managing Endometriosis involves pain management, hormonal therapies, and surgical interventions.",
Meditron,How can I manage my Diabetes?,"How can I manage my Diabetes?
We’re here to help you every step of the way. Our diabetes educators will teach you how to manage your condition and give you tips on taking care of yourself, including:
- Eating a healthy diet and keeping active
- Monitoring your blood sugar levels
- Reducing your risk of complications by managing stress
What are the benefits of participating in this program?
The benefits of participating in the program include:
- Improved quality of life for patients and their families
- Better understanding of what is happening with their health, as well as how it affects them personally
- More accurate diagnosis, leading to earlier treatment and improved outcomes for patients
- Lower costs associated with medical bills and lost wages due to missed work or school days
Achieve your goals with our help!
Getting started with our diabetes management program is easy. Simply call 1-800-927-7563 or visit us online at any time during business hours, Monday through Friday from 8am – 5pm PT/PT. We look forward to helping you achieve your goals!
Diabetes Management Programs
Our Diabetes Management Program (DMP) is designed to provide comprehensive diabetes education and support for people living with type 2 diabetes. The DMP offers personalized advice and guidance on lifestyle changes that can improve blood sugar control and prevent complications such as heart disease or stroke. We also offer free resources like cookbooks and food plans so you don’t have to worry about what to eat when you get home after being admitted into our hospital.
To learn more about our services, please contact us today at 1-800-927-7563 or visit us online. We look forward to serving your needs!
Why choose Tahoe Forest Hospital’s Diabetes Management Program?
Tahoe Forest Hospital has been providing high-quality care since 1912. We are committed to delivering excellent service in all areas of medicine, including diabetes management programs (DMP). Our staff includes board-certified physicians who specialize in treating patients with diabetes mellitus type 2, along with nurse practitioners and certified diabetes educators who are dedicated to helping people live healthier lives through education about",34.046091079711914,"Medication adherence, blood sugar monitoring.",
Meditron,How is Dengue Fever diagnosed?,"How is Dengue Fever diagnosed?
How long does it take to recover from Dengue fever?
What are the risks associated with Dengue fever?
Dengue is a viral infection that can be transmitted by mosquitoes. It causes symptoms such as fever, headache, and joint pain. If you have dengue fever, you should see your doctor immediately because it can be deadly if not treated quickly enough.
The first step in diagnosing dengue fever is to look at the patient’s history of travel or contact with someone who has been infected with this disease. Then, blood tests will show whether they have any antibodies against the virus. Finally, lab tests may reveal evidence of an infection by looking at their white blood cells under a microscope (leukocyte count).
Dengue fever is diagnosed through clinical symptoms, such as fever, headache, and muscle aches. These symptoms may also appear during other illnesses like malaria or typhoid fever. Blood tests help doctors determine whether someone has dengue or another condition like chikungunya which shares similar symptoms but requires different treatments.
The most common way to get dengue is through an insect bite. The virus spreads through saliva when a person bites another human being who carries it in their bloodstream. This happens during the early stages of the illness before symptoms develop. Therefore, people need protective clothing when outside at night time so they don’t get bitten by mosquitoes while sleeping outdoors without covering themselves properly.
Dengue fever typically lasts for 5 days and then subsides naturally after about two weeks without treatment. However, there are some rare cases where patients die within hours due to complications caused by severe bleeding or organ failure.
Mosquitoes carry the virus in their salivary glands and release them into their environment when they feed on humans. Infected individuals might experience symptoms within 3-14 days post-exposure depending on how many times they were bitten by an infected mosquito and what kind of strain was responsible for causing the infection in question.
There are several ways to prevent dengue fever:
- Stay away from areas with high risk of transmission.
- Use insect repellent products containing",24.812675952911377,"Lifestyle changes include avoiding alcohol, practicing safe sex, and maintaining a healthy diet.",
